이름,건수
지안,2248
하윤,2012
서아,1996
하은,1927
서윤,1907
하린,1720
지우,1651
수아,1569
지유,1566
지아,1486
시아,1450
서연,1425
나은,1361
아린,1324
다은,1296
유주,1199
채원,1152
소율,1146
서현,1118
윤서,1107
유나,1087
예린,1075
아윤,1071
예나,1069
주아,1037
민서,1024
하율,960
윤아,945
채아,941
서하,938
서우,938
소윤,935
시은,934
다인,933
예서,893
채은,862
지윤,861
다온,854
서은,850
은서,846
아인,775
서율,772
지민,747
예은,744
채윤,731
나윤,729
유하,729
세아,728
지율,723
연우,713
다현,697
유진,685
소은,673
연서,671
소민,637
재이,625
하연,622
리아,611
수빈,609
다윤,604
사랑,594
다연,594
지원,573
로아,565
가은,557
예원,542
태리,530
시연,515
봄,500
서진,474
주하,473
라온,471
소이,463
설아,458
나연,456
루아,455
수연,451
예진,449
채린,439
예지,435
지온,431
시현,429
하나,426
은채,423
채이,419
태린,417
하온,406
시온,394
세은,389
승아,388
라희,388
지수,381
현서,376
나율,375
예빈,375
시윤,369
유빈,365
수민,361
지은,361
수현,358
윤슬,357
나현,353
하리,353
아현,352
서영,347
서희,345
세연,345
리안,344
하늘,344
하영,344
다솜,337
민아,332
이현,332
도연,329
하랑,327
주은,325
규리,318
이안,316
하진,314
민채,312
가윤,311
소미,310
라엘,309
아영,307
해나,306
아진,302
도아,300
민지,299
설,298
연아,295
은솔,289
율,288
다빈,287
윤하,282
가온,281
은우,279
이나,278
다율,278
예슬,276
슬아,269
다희,268
해인,266
단아,263
지현,262
은유,260
라윤,259
서빈,256
보미,249
별,245
가빈,244
예주,243
혜원,241
시안,239
민주,238
윤지,238
태희,236
하람,236
유이,236
고은,235
예솔,234
이솔,233
서인,231
소연,231
나경,230
하엘,230
소현,227
소담,226
도은,225
솔,222
제이,222
유리,221
채연,220
유은,218
리원,213
새봄,211
유안,209
소유,208
채율,207
채빈,207
서원,206
로하,204
지효,204
정원,203
유정,203
수진,203
도희,202
현아,202
태은,201
이서,201
채민,200
세인,199
아라,197
시하,196
민하,194
소희,192
한나,191
예림,189
연재,188
한별,187
하루,187
예온,185
가현,185
미소,183
아율,183
유라,181
라율,180
보민,180
지연,178
재인,177
가을,177
서린,176
리나,176
리하,176
태이,176
주원,175
지호,174
태연,174
세린,174
윤,173
혜린,172
은별,172
제인,172
소원,171
채희,167
주연,164
유민,164
우리,160
다원,160
은하,160
하임,160
로희,159
세빈,159
하빈,158
은재,155
다경,155
예담,155
별하,154
가율,153
아연,152
가연,152
유림,151
채현,149
로은,148
수지,148
혜인,147
나린,146
서안,146
효주,145
우주,144
여름,144
루리,143
라은,143
민정,142
아름,142
인아,141
지혜,141
하민,140
은지,139
다혜,139
윤솔,138
은수,137
하늬,136
하음,135
다영,135
채영,133
해솔,133
윤채,131
도경,131
승연,131
채하,130
온유,129
라임,129
정연,128
시우,126
재아,125
혜리,125
예인,124
예봄,124
루다,123
서이,123
수인,122
다예,122
채안,121
은설,120
민경,120
루나,118
민솔,118
가인,118
다민,118
지인,117
지후,116
재희,116
윤설,115
서유,114
현지,114
수정,112
예리,111
진아,111
준희,111
도이,108
시율,108
소영,107
주희,107
혜나,107
나온,105
다겸,105
아림,105
은빈,104
정윤,103
이엘,102
혜윤,102
선우,102
나영,101
연수,101
은율,101
하라,101
이진,100
지영,100
재은,100
려원,100
혜진,99
세희,98
가영,98
다정,97
소예,97
제니,97
연지,96
설하,95
서정,94
도하,93
선율,93
윤주,93
하이,93
이수,92
이든,92
세하,92
로이,91
소정,91
하정,90
이레,90
아란,89
가람,89
나희,89
연주,88
린,88
단비,88
로운,87
아리,87
진서,87
지예,87
은아,86
은비,86
지오,85
해린,85
아랑,85
여원,85
효린,84
이담,83
주이,82
보경,82
나라,81
수안,81
유담,79
유미,79
세나,79
혜주,79
조이,79
은혜,78
나예,78
보아,78
선아,77
유현,77
서온,76
유아,76
다미,76
안나,76
다솔,74
은,74
은성,74
해리,73
담희,73
리우,72
희주,72
아정,71
빛나,70
효은,70
이은,70
규린,69
루하,69
라원,69
규빈,68
시영,67
슬,67
선유,67
시유,67
아람,66
솜,66
율아,66
희원,65
시원,65
세현,65
나원,64
여울,64
미나,64
인서,64
지나,64
하경,64
해원,63
주현,63
다해,63
여은,62
해윤,62
정현,62
지희,62
희서,61
혜빈,61
율희,61
가희,61
수하,61
민설,60
세라,60
다엘,59
새론,59
제나,59
나엘,58
예윤,58
루희,57
도담,57
하선,57
현주,57
율리,57
해온,56
태인,56
유솔,56
린아,56
세영,56
사라,55
예람,55
라현,55
세온,55
하원,55
정민,55
윤진,54
윤희,54
승희,54
다나,54
리윤,54
세령,53
연희,53
채유,53
이솜,52
규림,52
민영,52
리온,52
누리,52
아민,51
가민,51
예안,51
초아,51
효원,51
정아,51
현,50
새별,50
세이,50
예설,49
수린,49
태림,49
정인,49
이설,49
율하,48
유경,48
시호,48
보영,48
예율,48
예하,47
엘리,47
현정,47
진,47
혜민,47
제아,46
주영,46
송이,46
소을,46
레아,46
선,46
~99,46
에스더,46
고운,46
설희,45
기쁨,45
하담,45
효빈,45
효민,44
희연,44
리사,44
담,43
가원,43
민희,43
예랑,43
민,43
효림,43
이랑,43
은영,43
승주,42
서주,42
시언,41
성은,41
소망,41
여진,41
리유,41
유비,41
조아,41
희진,41
은주,40
현진,40
세윤,40
모아,40
샛별,40
송연,40
수영,40
승하,39
담이,39
주빈,39
이린,39
세진,38
설현,37
도영,37
주혜,37
정안,37
혜율,37
혜림,36
주안,36
예현,36
단,36
보람,35
리율,35
그린,35
정빈,35
하솜,35
은진,34
보나,34
선하,34
도윤,34
리현,34
송현,34
봄이,34
보라,34
세정,33
세리,33
미주,33
소혜,33
채우,33
인영,33
혜정,33
희윤,32
효진,32
한비,32
윤정,32
효정,32
혜온,32
진주,32
소빈,32
결,32
서경,31
애린,31
영서,31
아빈,31
라연,31
보은,31
이음,31
진희,31
은호,30
이룸,30
혜서,30
샤론,30
예솜,30
유영,29
보윤,29
레나,29
연,29
송희,29
유희,29
민유,29
세경,29
노을,29
로라,29
호연,29
하니,29
초은,29
한솔,29
채림,28
효리,28
재연,28
규나,28
우림,28
성아,28
시엘,28
리예,28
아원,28
나나,28
예영,28
소진,27
유온,27
서후,27
세미,27
미래,27
보름,27
루이,27
예령,27
혜연,27
혜성,27
주윤,27
조은,27
지애,27
희,27
하령,27
태경,26
하유,26
하현,26
채인,26
율이,26
하림,26
이봄,26
슬기,26
새나,26
연진,26
엘,26
솔빈,26
온,26
래아,26
승현,26
유연,25
나혜,25
예승,25
루미,25
세원,25
영은,25
승혜,25
소리,25
노엘,25
규원,25
솔희,25
지음,25
혜은,25
이재,25
은정,25
해주,25
지솔,25
채경,25
하솔,25
희수,24
혜담,24
은세,24
윤우,24
한서,24
올리비아,24
다유,24
세림,24
다올,24
단희,24
엘라,24
선영,24
규민,24
다봄,24
민선,24
루비,24
아이린,24
소울,24
빈,24
가령,24
규비,23
나빈,23
리은,23
유지,23
바다,23
연후,23
도현,23
유니,23
진하,23
청아,22
윤영,22
재경,22
초이,22
이연,22
휘서,22
이지,22
조안,22
려은,22
솔비,22
소라,22
유,22
설빈,21
민재,21
아은,21
선미,21
신혜,21
예송,21
다비,21
보현,21
경민,21
리엘,21
다슬,21
다을,21
도유,21
민진,21
재영,21
은희,21
현이,21
채리,21
재윤,20
윤이,20
해민,20
지이,20
푸름,20
지서,20
정음,20
혜영,20
정하,20
나겸,20
보빈,20
수경,20
윤별,20
보배,20
예음,20
노아,20
윤비,20
설린,20
세율,20
안,19
우희,19
솔이,19
새아,19
보연,19
라나,19
나래,19
단하,19
연두,19
태윤,19
한빛,19
주미,19
지언,19
해율,19
지빈,19
주리,19
진솔,18
은송,18
현경,18
이빈,18
정은,18
재니,18
주예,18
혜령,18
재나,18
유원,18
예성,18
슬비,18
마리,18
선희,18
규아,18
원,18
솔아,18
미우,18
소아,18
금비,18
루안,18
열음,18
송하,18
민결,18
예희,17
다니,17
겨울,17
리호,17
보리,17
우정,17
규미,17
소하,17
가비,17
나리,17
나봄,17
다운,17
진영,17
하서,17
채령,17
하봄,17
혜미,17
해빈,17
효인,17
인혜,17
한결,17
초희,17
희정,16
혜솔,16
혜수,16
해든,16
은조,16
해담,16
태라,16
이정,16
희선,16
자윤,16
이슬,16
채운,16
라이,16
선빈,16
로빈,16
성연,16
우린,16
린하,16
엘린,16
소린,16
비주,16
단이,16
설연,16
솔민,15
솔미,15
규희,15
가린,15
리,15
랑,15
영채,15
새롬,15
아리아,15
승은,15
가경,15
새온,15
가림,15
민별,15
미유,15
다애,15
세민,15
유람,15
에린,15
수예,15
채서,15
진유,15
혜아,15
주엘,15
희나,15
준서,15
해림,15
해서,15
차은,14
환희,14
해랑,14
주언,14
한율,14
현희,14
하을,14
은결,14
이주,14
푸른,14
해이,14
재하,14
희은,14
태영,14
재원,14
단우,14
서혜,14
우진,14
사나,14
어진,14
도혜,14
레,14
애리,14
민소,14
서령,14
보담,14
도예,14
수미,14
연호,14
규은,14
새하,14
루빈,14
유엘,14
소피아,14
리혜,14
마음,13
새린,13
소운,13
두나,13
다흰,13
민슬,13
민혜,13
예아,13
엠마,13
미정,13
미진,13
도원,13
서림,13
미서,13
로나,13
로미,13
애나,13
수혜,13
채나,13
한봄,13
지선,13
혜지,13
현비,13
의진,13
채언,13
한슬,13
찬희,13
주비,13
이영,13
희율,13
해슬,13
하얀,13
인하,13
이루,12
희온,12
하주,12
채온,12
효서,12
하란,12
정,12
해진,12
한설,12
은총,12
해연,12
희재,12
연하,12
다린,12
영미,12
라하,12
수,12
라헬,12
나,12
비,12
서휘,12
윤미,12
경원,12
시예,12
엘림,12
아로,12
선혜,12
다안,12
미현,12
그림,11
영,11
선주,11
로사,11
라빈,11
연화,11
소명,11
레이나,11
연정,11
예라,11
란,11
여림,11
승유,11
설화,11
신비,11
담비,11
예소,11
성하,11
솔지,11
유솜,11
상아,11
윤빈,11
수희,11
송은,11
승미,11
아미,11
나림,11
선경,11
윤경,11
아온,11
나우,11
벼리,11
유린,11
아해,11
유선,11
나음,11
혜준,11
효재,11
이원,11
한아,11
주,11
해봄,11
은빛,11
희영,11
해수,11
은담,11
지향,10
호정,10
지운,10
지니,10
지슬,10
현솔,10
제은,10
초하,10
초원,10
현채,10
초롱,10
혜승,10
청하,10
현영,10
진이,10
태미,10
한이,10
우아,10
그레이스,10
라라,10
소안,10
새은,10
연오,10
라영,10
미선,10
규담,10
서엘,10
예니,10
나령,10
루시아,10
리인,10
도율,10
영인,10
성현,10
리라,10
별아,10
민교,10
성희,10
라움,10
아엘,10
리연,10
가언,10
다하,10
예정,10
시진,10
다울,10
아희,10
승빈,10
강희,9
로윤,9
미아,9
윤성,9
서예,9
경은,9
신영,9
두리,9
미화,9
승지,9
여정,9
미리,9
선재,9
보예,9
우영,9
건희,9
서호,9
설이,9
엘리아,9
윤나,9
유설,9
미경,9
유화,9
미란,9
열매,9
수이,9
상은,9
다야,9
하겸,9
이유,9
이,9
효연,9
은후,9
태서,9
혜라,9
이경,9
진리,9
하예,9
은제,9
이소,9
준이,9
자인,9
하희,9
장미,9
재린,9
희우,9
효아,9
혜교,9
은경,9
혜선,8
혜랑,8
제희,8
혜안,8
이선,8
지담,8
준아,8
혜슬,8
희라,8
자민,8
한울,8
은오,8
은선,8
정희,8
희엘,8
은민,8
인애,8
인나,8
하별,8
하미,8
이플,8
클로이,8
윤조,8
윤재,8
태율,8
찬미,8
차윤,8
을,8
이율,8
자은,8
은효,8
늘,8
빛,8
라혜,8
리오,8
별이,8
라경,8
윤선,8
엘리나,8
명지,8
소람,8
류아,8
새미,8
윤수,8
라인,8
경리,8
엘레나,8
온비,8
들,8
송,8
민이,8
승언,8
수애,8
연이,8
맑음,8
려온,8
선화,8
반희,8
유란,8
루원,8
사란,8
서담,8
경서,8
로원,8
수윤,8
유겸,8
예준,8
래인,8
유채,8
원정,8
로엘,8
승민,8
성령,8
미령,8
담은,8
비아,8
솔하,8
세화,8
서형,8
산들,8
우연,8
예별,8
예경,8
미영,8
도란,8
소온,8
송아,8
영주,8
서로,8
리지,8
단영,8
수련,8
아유,7
스텔라,7
영지,7
루은,7
본,7
루인,7
새벽,7
신우,7
유슬,7
상미,7
소월,7
라미,7
예본,7
보겸,7
가예,7
보결,7
영원,7
나인,7
수화,7
로지,7
오름,7
루디아,7
로율,7
윤소,7
가음,7
루시,7
그루,7
시후,7
세주,7
애미,7
루야,7
로와,7
나언,7
아임,7
영현,7
소나,7
라예,7
로울,7
예연,7
서효,7
동희,7
민송,7
승윤,7
민성,7
여빈,7
세담,7
우빈,7
교린,7
아나,7
성미,7
리영,7
경빈,7
슬이,7
유니스,7
규연,7
승리,7
미희,7
교은,7
성주,7
리한,7
수리,7
다감,7
설윤,7
라겸,7
아서,7
명서,7
고윤,7
메이,7
다진,7
연제,7
솜이,7
름,7
아루,7
연솔,7
믿음,7
다함,7
바름,7
호은,7
현하,7
하언,7
정우,7
재서,7
휘,7
인,7
지해,7
효담,7
하론,7
희지,7
지한,7
효이,7
이본,7
효지,7
정화,7
해성,7
현유,7
향기,7
화연,7
준,7
해별,7
해강,7
채완,7
채움,7
한희,6
윤혜,6
혜윰,6
해영,6
이도,6
주율,6
태나,6
이사벨,6
지엘,6
의서,6
하다,6
해니,6
은봄,6
하름,6
주경,6
채울,6
하송,6
은새,6
하슬,6
이령,6
은교,6
휘진,6
이로,6
희망,6
이람,6
화영,6
화린,6
효우,6
재유,6
이채,6
효선,6
자연,6
이온,6
인비,6
미연,6
수향,6
성유,6
가이,6
선정,6
래나,6
래현,6
선민,6
성윤,6
리진,6
금별,6
설리,6
릴리,6
예선,6
우인,6
승원,6
산하,6
예화,6
마린,6
비채,6
다언,6
가나,6
다옴,6
엘리야,6
본아,6
원영,6
원희,6
모나,6
성경,6
보하,6
도린,6
요원,6
구름,6
여나,6
경,6
요나,6
영아,6
루온,6
수원,6
소흔,6
유신,6
류하,6
슬빈,6
유이나,6
여온,6
나슬,6
시내,6
루,6
세비,6
미혜,6
경희,6
유송,6
도언,6
에밀리,6
서,6
선애,5
아일라,5
설우,5
연경,5
애화,5
에이미,5
밀라,5
새이,5
새인,5
빅토리아,5
엘리사,5
류희,5
명주,5
바른,5
강,5
아령,5
아솔,5
아셀,5
아주,5
로다,5
봄희,5
애진,5
예강,5
미지,5
별희,5
상희,5
예닮,5
서별,5
로유,5
리희,5
에바,5
아멜리아,5
린지,5
미미,5
미루,5
교빈,5
세유,5
보화,5
리앙,5
세계,5
여리,5
아리엘,5
여린,5
로렌,5
리주,5
규랑,5
신애,5
벨라,5
민예,5
연채,5
근아,5
다름,5
온하,5
래은,5
나임,5
니나,5
솔잎,5
결이,5
승예,5
라유,5
든,5
도,5
소휘,5
온아,5
나하,5
단율,5
다람,5
송빈,5
유노,5
나운,5
다우,5
기령,5
우미,5
우현,5
히나,5
채정,5
이아,5
정서,5
의연,5
화음,5
혜란,5
차미,5
희아,5
진경,5
은겸,5
현승,5
하울,5
재령,5
헤일리,5
이룬,5
희림,5
은소,5
인경,5
이로운,5
찬양,5
초록,5
찬송,5
해은,5
해아,5
희솔,5
주나,5
이라,5
은샘,5
효제,5
채향,5
지형,5
은미,5
이을,5
주우,5
초윤,5
찬유,5
하련,5
해미,5
인지,5
율비,5
희유,4
이루다,4
은하수,4
화은,4
효경,4
호윤,4
진선,4
이화,4
화윤,4
하안,4
주민,4
청,4
주애,4
한들,4
희언,4
한빈,4
휘영,4
인주,4
화인,4
화이,4
현선,4
조하,4
현송,4
현수,4
현숙,4
하운,4
인선,4
휘은,4
현우,4
은찬,4
은소리,4
희민,4
지요,4
혜,4
제연,4
크리스틴,4
정이,4
클라라,4
풀잎,4
제윤,4
주선,4
채담,4
지하,4
파랑,4
채니,4
은향,4
재현,4
지헌,4
탄희,4
찬주,4
태휘,4
태현,4
태하,4
태랑,4
태주,4
태솔,4
태양,4
히엘,4
정효,4
태유,4
하,4
진미,4
정유,4
해솜,4
지성,4
채미,4
자영,4
혜경,4
이림,4
제이미,4
윤화,4
줄리아,4
나솔,4
나오미,4
금주,4
솔담,4
신아,4
수주,4
서라,4
도겸,4
라운,4
미카엘라,4
영빈,4
란희,4
교윤,4
림,4
경화,4
영진,4
미애,4
서미,4
다교,4
영자,4
영윤,4
린우,4
우경,4
아이라,4
영신,4
보니,4
리후,4
루라,4
리화,4
슬하,4
솔리,4
시오,4
미향,4
소향,4
동주,4
신유,4
노라,4
샘,4
여민,4
신율,4
리경,4
드림,4
유수,4
리솔,4
시경,4
리세,4
리서,4
아성,4
리담,4
수은,4
리브,4
두아,4
여주,4
겸서,4
률아,4
요엘,4
근영,4
라아,4
아중,4
늘봄,4
규영,4
도화,4
룬,4
슬예,4
라니,4
류경,4
온율,4
새얀,4
새연,4
앨리,4
나진,4
앨리스,4
소호,4
디아나,4
민승,4
아경,4
레베카,4
미건,4
비송,4
사빈,4
안젤리나,4
사야,4
승비,4
리미,4
선후,4
레미,4
예론,4
서음,4
설민,4
솔현,4
부경,4
다별,4
송윤,4
소언,4
물결,4
가혜,4
서해,4
기랑,4
원서,4
가진,4
다이,4
시향,4
아리나,4
시효,4
원경,4
아론,4
소랑,4
빈나,4
다임,4
기은,4
운율,4
원지,4
메아리,4
금,4
예란,4
래하,4
마리아,4
엘리자베스,4
유호,4
보혜,4
승이,4
래온,4
경주,4
보율,4
나결,4
서언,4
소엘,4
우솔,4
교연,4
로제,4
경자,4
명리,3
성소,3
미엘,3
담현,3
소헌,3
무경,3
금빈,3
경아,3
동은,3
여랑,3
규량,3
경미,3
송주,3
에덴,3
명미정,3
아리솔,3
에나,3
명희,3
아겸,3
세랑,3
남주,3
민형,3
민체,3
우민,3
세란,3
동화,3
수완,3
수온,3
명화,3
아,3
모은,3
명아,3
모하,3
신희,3
샬롯,3
아롬,3
민자,3
가엘,3
슬희,3
건아,3
요안나,3
미라,3
단미,3
수란,3
경순,3
니콜,3
미셸,3
도빈,3
글로리아,3
솔라,3
엘리아나,3
요하,3
다빛,3
엘리슨,3
승채,3
미림,3
미르,3
단야,3
미카,3
서랑,3
에셀,3
서리,3
성지,3
서홍,3
다송,3
미리내,3
유래,3
리야,3
리언,3
문주,3
성화,3
수겸,3
다홍,3
노은,3
수담,3
솔빛,3
고유,3
린서,3
엘렌,3
승효,3
수림,3
선호,3
린다,3
서나,3
미쉘,3
스테파니,3
로린,3
영숙,3
소의,3
가흔,3
사은,3
유인,3
라음,3
라을,3
아유미,3
비담,3
금채,3
유의,3
온리,3
나오,3
루엘,3
영나,3
라오,3
순옥,3
온새,3
경진,3
안젤라,3
새빛,3
라솔,3
비안,3
고우,3
시을,3
라별,3
경연,3
영연,3
래안,3
래원,3
보희,3
유향,3
예교,3
봄결,3
로즈,3
윤결,3
영화,3
래희,3
로휘,3
윤담,3
로안,3
나루,3
란주,3
소요,3
오늘,3
란아,3
애림,3
소애,3
아이리,3
보림,3
나미,3
결의,3
영유,3
예루,3
경윤,3
윤봄,3
아혜,3
셀린,3
세별,3
륜하,3
리디아,3
나흔,3
신,3
유봄,3
시야,3
세봄,3
순화,3
르미,3
나형,3
윤송,3
나정,3
예빛,3
려,3
리리,3
룸,3
기연,3
가륜,3
로경,3
연송,3
류비,3
겸주,3
기영,3
레이첼,3
세련,3
려나,3
유순,3
은슬,3
재화,3
자경,3
한송,3
화진,3
채형,3
희소,3
행복,3
호영,3
찬슬,3
찬경,3
휘연,3
일리,3
준영,3
햇님,3
해령,3
채명,3
차민,3
은이,3
채론,3
해준,3
줄리,3
채랑,3
은솜,3
주향,3
휘윤,3
차영,3
헤나,3
차연,3
한주,3
휘인,3
주인,3
자온,3
화담,3
채진,3
향,3
화율,3
자원,3
혜강,3
케일리,3
음,3
제하,3
율리아,3
이삭,3
재빈,3
혜람,3
이한,3
정온,3
은나,3
형주,3
조앤,3
현화,3
효영,3
정애,3
하설,3
재온,3
혜상,3
태언,3
지화,3
태빈,3
이윤,3
이제,3
혜우,3
제린,3
후,3
제시카,3
호경,3
클로이하윤,3
효언,3
평안,3
클레어,3
혜숙,3
효윤,3
희경,3
홍주,3
효안,3
초연,3
정미,3
이래,3
의정,3
희빈,3
지아김,3
진율,3
화,3
한,3
초현,3
현민,3
지양,3
조희,3
호아,3
휘린,3
은형,3
화평,3
회리,3
카논,3
해밀,3
율휘,3
카야,3
현율,3
율화,3
주린,3
지흘,2
지휴,2
은초,2
윤신,2
차현,2
해안,2
진의,2
해나김,2
은현,2
은체,2
차이,2
화나,2
재순,2
해리엇,2
차율,2
재선,2
자운,2
진현,2
홍현,2
해송,2
해듬,2
은해,2
진홍,2
재민,2
재림,2
자한,2
화령,2
효령,2
하디,2
케이티,2
희현,2
율림,2
캘리,2
하률,2
효나,2
희인,2
이효,2
캐서린,2
율우,2
하성,2
하승,2
카타리나,2
하애,2
은강,2
케일라,2
하늘빛,2
히카리,2
태임,2
이자벨,2
태정,2
태령,2
태니,2
타미,2
타라,2
타니,2
토브,2
티아,2
클로이사랑,2
효성,2
피비,2
크리스티나,2
코코,2
윤후,2
인우,2
축복,2
초의,2
희숙,2
한송이,2
채솔,2
희성,2
채비,2
한영,2
은원,2
자림,2
한음,2
한지,2
화리,2
화름,2
찬영,2
찬아,2
해,2
찬빈,2
찬비,2
일화,2
채을,2
초율,2
인해,2
초우,2
초민,2
초린,2
인희,2
화희,2
체은,2
체리,2
청화,2
청향,2
차인,2
청미,2
한민,2
희애,2
한샘,2
희안,2
한나김,2
이미,2
이세,2
지소,2
주용,2
현나,2
이새,2
제율,2
정언,2
종은,2
해정,2
지숙,2
조에,2
휘담,2
혜본,2
현미,2
조엘,2
헤라,2
조히,2
혜언,2
주와,2
정운,2
정임,2
지,2
햇살,2
지강,2
지경,2
혜겸,2
정율,2
헬렌,2
이루리,2
재휘,2
주담,2
지명,2
지보,2
호수,2
주온,2
이겸,2
현조,2
주해,2
지아나,2
이비,2
희담,2
혜이,2
재율,2
혜송,2
희란,2
준원,2
이만,2
혜임,2
희령,2
조이주아,2
지자,2
현슬,2
이레네,2
정훈,2
은화,2
혜현,2
이송,2
정수,2
의주,2
지여,2
정해,2
준정,2
조원,2
제니퍼,2
이네스,2
준은,2
호린,2
현빈,2
다비다,2
금선,2
윤령,2
아이린아린,2
문경,2
아일린,2
봄해,2
모연,2
가야,2
건이,2
아준,2
송인,2
미사,2
경선,2
봄나,2
미린,2
서울,2
교선,2
기민,2
봄솔,2
모아나,2
강은,2
금송,2
에일린,2
에일리,2
미랑,2
아힘,2
원주,2
비토리아,2
원화,2
금서,2
비진,2
기현,2
무음,2
송우,2
미가,2
미,2
무주,2
서화,2
서지,2
문희,2
아일,2
원진,2
다아,2
서임,2
원이,2
사리,2
다서,2
모현,2
에블린예린,2
아리사,2
강윤,2
알리아,2
원아,2
미도,2
빈희,2
산,2
미노,2
아이비,2
미나미,2
서흔,2
안주,2
사론,2
에슐리,2
미설,2
본희,2
미성,2
노래,2
아송,2
반디,2
유록,2
민수,2
반지,2
경린,2
가률,2
규령,2
백화,2
유랑,2
규론,2
민빈,2
베라,2
슬우,2
민겸,2
새안,2
유애,2
애지,2
새솔,2
늘예솔,2
벧엘,2
민애,2
새힘,2
아솜,2
민효,2
민화,2
남영,2
샤인,2
민현,2
남희,2
난이,2
언주,2
아선,2
언지,2
양자,2
나휘,2
샬롬,2
양순,2
샘물,2
규란,2
수오,2
야엘,2
경림,2
야스민,2
유리나,2
샘결,2
나유,2
유우,2
서민,2
미야,2
송화,2
수운,2
서봄,2
다늬,2
나랑,2
교원,2
경난,2
아미나,2
아이리스,2
유키나,2
승린,2
상이,2
미송,2
미솔,2
유귀,2
보을,2
보인,2
보정,2
본비,2
다래,2
새라,2
나무,2
미오,2
아바,2
슬지,2
벨렌,2
미행,2
미하,2
유내,2
애슐리,2
나안,2
나빛,2
새로이,2
유재,2
니아,2
유나클라라,2
나비,2
미자,2
나별,2
교하,2
아이나,2
미율,2
나민,2
보령,2
다결,2
엔젤라,2
모네,2
돈자,2
성혜,2
세종,2
예다움,2
리에,2
리애,2
규온,2
여경,2
로이스,2
완,2
여람,2
예다,2
래미,2
예겸,2
로주,2
랑이,2
리아김,2
동하,2
소해,2
여솔,2
여운,2
강솔,2
영희,2
여윤,2
두경,2
엠버,2
래연,2
담하,2
닻별,2
대서,2
경현,2
엘시,2
규서,2
예래,2
우,2
리효,2
솔립,2
로엔,2
솔림,2
리헌,2
리향,2
로연,2
리해,2
리코,2
래이,2
엠마유나,2
리제,2
근하,2
심,2
승해,2
예든,2
도해,2
리빈,2
람,2
리비,2
규진,2
영선,2
류이,2
시요,2
류은,2
류원,2
라,2
라일,2
류안,2
온주,2
강나,2
시에나,2
류나,2
시완,2
규이,2
루카,2
라봄,2
온세,2
겸,2
신예,2
온샘,2
결희,2
온별,2
세솔,2
영리,2
규하,2
륜영,2
여을,2
여음,2
로히,2
로힘,2
리민,2
신해,2
신지,2
여희,2
연교,2
세론,2
루가,2
라휘,2
리내,2
라호,2
라해,2
라함,2
옥순,2
강비,2
강민,2
드보라,2
름화,2
세울,2
신위,2
률리,2
연음,2
성서,2
담인,2
예쁨,2
령,2
예섬,2
선이,2
다호,2
선진,2
솜결,2
령은,2
운,2
선현,2
다휘,2
레이아,2
단경,2
례나,2
영란,2
로,2
우행,2
로담,2
마이,2
결아,2
신디,2
마유,2
마오,2
아니카,2
설영,2
예임,2
려하,2
려진,2
모경,2
예운,2
명자,2
송민,2
명은,2
명순,2
명선,2
려안,2
명빈,2
려옥,2
다재,2
명,2
시형,2
승안,2
송나,2
아려,2
메리엘,2
선예,2
메리,2
건혜,2
고흔,2
예을,2
글온,2
예일,2
엘리스,2
마야,2
달리,2
담율,2
엘리시아,2
아나비아,2
우자,2
성란,2
마나,2
우슬,2
담윤,2
마미,2
담우,2
예미,2
담설,2
신려,1
강하나,1
아일린현선,1
아이린리라,1
신시아,1
결월,1
시칭,1
아의,1
스텔라수지,1
시월,1
아이,1
아일린다솜,1
신서,1
신란,1
쉐넌,1
아이비시은,1
스런,1
아이린다솜,1
아이보리하랑,1
아이린박,1
아이린채희,1
시혜,1
결해,1
겨움,1
강이랑,1
아이린진,1
아이린윤,1
아요,1
아이린하정,1
신여,1
시온김,1
시헌,1
아일린혜진,1
스텔라케이,1
아이린예인,1
아이무,1
신신,1
아이린아인,1
신루,1
시화,1
신시아헤이통,1
스미요,1
스텔라재인,1
강하리,1
신리,1
신명,1
아이비엠마뉴엘,1
아일라아르주,1
아이리스김,1
신미,1
신니,1
시준,1
아인애나벨,1
스테시지수,1
아이카,1
스칼렛유진,1
신던동미,1
신별,1
신민,1
스완,1
스칼렛,1
아이타,1
시울,1
결우,1
스카이,1
스카일라별,1
강주,1
아이리스태연,1
아이리스예림,1
아이리스수아,1
스카이라,1
스카이주혜,1
신디캐롤,1
아일라그레이스,1
아이리스현서,1
아이샤,1
시욘,1
아이샤알리,1
쉘비,1
아일라시아,1
스민,1
스테파니혜나,1
결자,1
아이린가현,1
스테파니진주,1
스테파니유리,1
시우나무,1
신비돈,1
아이야나,1
시휼,1
아일라봄,1
신라,1
아이리우주,1
아일라박,1
시운,1
스테이시,1
아일라민희,1
아이오,1
아이리스가은,1
스라,1
아이린하린,1
시옥,1
강혜,1
아나엘루시,1
아나율,1
아나케잇진,1
아난,1
아네스선,1
아모라,1
아넷슬,1
아멜리아사랑,1
아멜리아리,1
아노징,1
아멜,1
아농,1
아니샤김,1
아멘다은진,1
승요,1
아멘,1
아니카엘리사베트,1
아나스테이시아김,1
아나리지아,1
심온,1
심원,1
심이,1
써니,1
슬현,1
승진,1
아밀리,1
써머클로이,1
썸머,1
썸머사랑,1
쓰자,1
씨에라수진,1
씨엘줄리안,1
건경,1
아강,1
승경,1
아미리아나빈,1
아담,1
승완,1
아메리,1
아리아환,1
아리아하은,1
아라조이정,1
아리아은재,1
아리아성,1
아리아나제니,1
건하,1
아량,1
아리아나,1
아로미,1
겸휘,1
아롬하나,1
승심,1
승서,1
아르미,1
아를,1
건유,1
아리안,1
아리안나,1
아델라소예,1
아델라신,1
아델라인아인,1
아델라진수,1
아마라아름,1
건미,1
아델린,1
아델린예은,1
아리엘유나,1
승온,1
아리엘라,1
아드리수지,1
겨운,1
아라미,1
아라벨,1
아리야,1
겸채,1
슬해,1
아밀리아,1
시아헤이린,1
시아클로이,1
시아클레어,1
신이,1
아세나,1
신자,1
신재,1
신쥴리동은,1
시몬장미박,1
아섬,1
시모나,1
시린,1
아사,1
시리타,1
시령,1
슬린,1
시라,1
아수,1
아시,1
스텔라하늘,1
아야미,1
스핑거비,1
아야노,1
경나,1
시에나연주,1
시에나김,1
아야내,1
아야,1
아앤,1
신웨,1
아시하나,1
아시타,1
슬로,1
아시엘,1
시양,1
아시아,1
신현,1
아비하,1
아비윌로,1
승휘,1
아비가일이레,1
아비가일성은,1
승후,1
슬의,1
아비가일,1
슬주,1
실유희,1
실행,1
승화,1
아별,1
심결,1
심매,1
아밀리아지우,1
아밀리아지나,1
심미,1
아밀리아가은,1
겸지,1
실유,1
아비겔로즈,1
슬미,1
신후,1
실라알레샤,1
아비겔가은,1
실래,1
실로,1
실로아,1
아비게일하연,1
실비아수림,1
아비게일튜즈데이나비,1
아비게일,1
실비아지수,1
실사,1
아비가일정아,1
슬빛,1
시,1
승아빅토리아,1
강이,1
아천,1
예헌,1
예형,1
예호,1
예후,1
예훤,1
예흠,1
옌기미,1
옌야,1
옐리나,1
오,1
오노린하윤,1
오드리,1
오드리다올,1
오드리샤론,1
오드리설아,1
오렐리아,1
오로라,1
오브리해진,1
예한,1
가온누리,1
예채,1
가하,1
예소미,1
가청,1
예수아나스타샤,1
예슬아,1
가이아,1
예엘,1
예영앨리,1
예요,1
예울,1
가의,1
가은리즈,1
가월,1
예은혜,1
예일가제크,1
가운,1
가우,1
가온해,1
오영,1
오월,1
온새별,1
온서,1
온설,1
온숲,1
온영,1
온정,1
온채,1
온후,1
온휘,1
올러캐라,1
올리비아권,1
올리비아김,1
올리비아나래,1
올리비아다은,1
올리비아레아,1
올리비아사랑,1
올리비아세현,1
올리비아수아,1
온새미,1
온빛,1
온빈,1
오윤,1
오율,1
오은,1
오토하,1
오하나,1
옥경,1
옥란,1
옥방,1
옥비,1
옥주,1
옥지,1
옥흔,1
옥희,1
온결,1
온기,1
온누리,1
온단,1
온민,1
가향,1
예삐,1
여평,1
여해,1
여현,1
연단,1
연리지,1
연분,1
연비,1
연빈,1
강빈,1
연아엠마,1
연옥,1
강린,1
연원,1
연율,1
연은,1
연의,1
강로아,1
강들,1
여준,1
여재,1
여이엘,1
엠버애린,1
엠버원우,1
엠버효은,1
엥흐리,1
여담,1
여래,1
여령,1
여루,1
여률,1
강아,1
여미,1
여봉,1
여비,1
여서,1
여수,1
강성,1
여원알리스,1
강서,1
연홍,1
연효,1
간화,1
예다솜,1
예단,1
간나,1
예더,1
가흠,1
예량,1
예련,1
가흘,1
예리나,1
예리엘,1
예린예,1
가훤,1
예모,1
예민,1
예반,1
예본가제크,1
가형,1
예그림,1
영혜,1
영행,1
열기,1
열아엘라,1
영금,1
영린,1
영림,1
영민,1
영봉,1
영분,1
영비,1
영솔,1
영숙이,1
영순,1
영실,1
영옥,1
영우,1
영재,1
영조,1
영하,1
올리비아수지,1
올리비아앤,1
올리비아예은,1
가송,1
가빛,1
유라위쉬안,1
유량,1
유련,1
유리노,1
유리아,1
유리아일라,1
유리엘,1
유리엘한빛,1
가브리엘최말리아,1
유마,1
유말미유리,1
유메이,1
가브리엘,1
유미레아,1
유미리,1
가봄,1
유니안,1
유니실,1
유니스현주,1
유나소망,1
유나스칼렛,1
유나알레브,1
유나알렉산드리아,1
유나에바,1
유나엘리자베스,1
유나유,1
유나진,1
유나찰린,1
유나카산드라,1
유나클로이,1
유나킴,1
유나헬렌,1
유늬,1
유니스다혜,1
유니스에이제이,1
유니스진교,1
유니스케티,1
유빈엘리스,1
유사,1
유키유애린,1
유타,1
유평,1
가단,1
유행,1
유헌,1
가남,1
유회,1
육영,1
가나노,1
윤교,1
윤림,1
윤모,1
윤민,1
윤빛,1
가기,1
윤세,1
윤소리,1
유춘,1
유진에린,1
유진미엘,1
유소,1
유슈앤,1
유승,1
유쎈,1
유에,1
유엔,1
유월,1
유위,1
유음,1
가려,1
유이카,1
가랑,1
가란,1
유준,1
유즈미,1
유지니,1
유지니아미쉘,1
가든,1
유나무스타파,1
유나래,1
요진,1
요하나사로지니,1
요한나,1
요한나소윤,1
용,1
용숙,1
용애,1
용재,1
우가,1
우계,1
우나,1
우담,1
우란,1
우루미,1
우루하,1
우성,1
우수,1
우순,1
요율,1
요운,1
요우카,1
올리비아지우,1
올리비아하나,1
올리비아하윤,1
올림,1
와니,1
와이클로이,1
완정,1
완쩐,1
왕지미,1
왜왜,1
외빈,1
요례,1
요리,1
요벨,1
요비,1
요셉,1
요아,1
요엘라,1
우승,1
우실,1
원빈,1
원선,1
원설,1
원솔,1
원호,1
원홍,1
월,1
월우,1
월채,1
웬디창,1
위칭,1
윙인알리샤,1
유가,1
유공,1
유기,1
유기자,1
유까노,1
가아,1
원균,1
원교,1
운희,1
우엘,1
우와,1
우유,1
우은,1
우타,1
우하,1
우함,1
욱동,1
욱영,1
운명,1
운미,1
운분,1
운산,1
운설,1
운영,1
운우,1
운해,1
운홍,1
엠마하늘,1
엠마테일러,1
엠마지우,1
앨리나해인,1
앨리스루나조,1
앨리스준자닌,1
앨리슨,1
앨리슨보배,1
앨리슨지한,1
앨린채미,1
앵흐징,1
야나,1
야나다빈,1
야라,1
야람,1
야베스,1
야오,1
양,1
양령,1
양말리,1
양애,1
앨리나지아,1
앨랜,1
앤희영,1
애실,1
애아,1
애영,1
애온,1
애은,1
애이린,1
애이미,1
애자,1
애정,1
애주,1
애파,1
애향,1
앤,1
앤은미,1
앤이,1
앤젤라,1
앤젤린예리,1
앤캐롤금옥,1
양우,1
양향,1
에리나,1
에리아나예나,1
에리얼예희,1
에리얼지홍,1
에리카,1
에리카다빈,1
에리카단비,1
에리카제이,1
에리카현지,1
에린미셸,1
에린민지,1
에린박,1
에린서진,1
에마소희,1
에미리,1
에밀리눌,1
에밀리마가렛,1
에밀리마쓰꼬,1
에레나,1
에디슨승아,1
에디뜨,1
양화,1
어라이어연아,1
어밀야서윤,1
어텀가희,1
어톰해준,1
언서,1
언약,1
언율,1
언하,1
엄미,1
엄지,1
에나벨,1
에날리이든,1
에녹,1
에니카리아,1
에덴로즈선결,1
에델,1
에들린,1
애슐리희원,1
애슐리경,1
안젤라하은,1
안젤리올리비아,1
안젤리키,1
안젤린,1
안젤린예주,1
안토니오재민,1
안트,1
안피사,1
안하,1
안희,1
알레그라,1
알렉산드라,1
알렉산드라한별,1
알렉스,1
알렉시스,1
알렉시스디아나,1
알렉시스예지,1
알리사다온,1
안젤라박,1
안영,1
안암알람,1
아츠키,1
아카리,1
아폴린세리알베틴,1
아프나트,1
아피아,1
아현페이스,1
아형,1
아훤,1
아흠,1
안나마리아,1
안나소피명진,1
안나예진,1
안나재은,1
안나주하,1
안나지은,1
안소니현우,1
안신,1
안아,1
알리사영,1
알리샤,1
애령,1
애류미,1
애린은지,1
애몬,1
애미리,1
애바,1
애블린,1
애블린새나,1
애비,1
애비게일,1
애비게일누리,1
애비게일연,1
애비게일피비,1
애선,1
애설,1
애순,1
애쉴리,1
애쉴리보람,1
애렌사야라,1
애렌,1
애디슨지안,1
알리샤쟈휘,1
알리스미나,1
알리시아,1
알리야,1
알마야사,1
알음,1
알이선혜진,1
암나,1
앙지,1
애,1
애결,1
애경,1
애나마리,1
애나메이,1
애나일리자배스,1
애나진,1
애니,1
애니에린다인,1
에밀리세아,1
에밀리수정,1
에밀리아,1
엘리사세아,1
엘리사현경,1
엘리샤,1
엘리샤다인,1
엘리샤은지,1
엘리샤초현,1
엘리샤홉,1
엘리소연,1
엘리스데이지,1
엘리스도연,1
엘리스이진,1
엘리스조이,1
엘리스지아,1
엘리씨아봄,1
엘리아나소아,1
엘리아나주아라,1
엘리아라,1
엘리아아린,1
엘리사벳,1
엘리문,1
엘리루이스,1
엘레나정원,1
엘레나태이,1
엘레노리,1
엘레노어,1
엘레노어아라,1
엘레노지은,1
엘렌예나,1
엘렌예원,1
엘렌클레어,1
엘로디,1
엘로이스리안,1
엘로이즈지우,1
강우,1
엘리그레이스,1
엘리노어,1
엘리노영,1
엘리다은,1
엘리로즈,1
엘리에드리스,1
엘리예나,1
엘린김,1
엘린다인,1
엘린세론,1
엘린수아,1
엘린알리사,1
엘림사라이,1
엘사,1
엘씨,1
엠마게일,1
엠마굴,1
엠마넬,1
엠마마가렛,1
엠마아름,1
엠마유이,1
엠마이루미,1
엠마조,1
엠마준,1
엠마지아,1
엘리희라,1
엘리하윤,1
엘리카,1
엘리예진,1
엘리윤서,1
엘리윤하,1
엘리자베스노엘,1
엘리자베스세아,1
엘리자베스앤,1
엘리자베스연,1
엘리자베스유래,1
엘리자베스은,1
엘리자베스은솔,1
엘리자베스하니,1
엘리자벳스지선,1
엘리자벳윤이,1
엘리주이,1
엘리즈,1
엘리즈유주,1
엘리즈푸이얀,1
엘리지아,1
엘레나유나문,1
엘레나오드리,1
에블린아라,1
에블린하린,1
에비가일앤,1
에비게일예진,1
에쉴리예린,1
에슐리지연,1
강유,1
에스더바바라,1
에스더신위에,1
에스더영,1
에스더예린,1
에스더예지,1
에스더와이,1
에스더유미,1
에스더윤하,1
에스더정,1
에스더채연,1
에스라,1
에블린수진,1
에블린소은,1
에블린새론,1
에밀리아주나,1
에밀리예지,1
에밀리유나,1
에밀리유미,1
에밀리이든,1
에밀리지율,1
에밀리해인,1
에바고운,1
에바그레이스,1
에바니성주,1
에바리,1
에바서진,1
에바호이람,1
에버린다은,1
에버린지은,1
에벨린지애,1
에블리나,1
에블린,1
에스테조아,1
에스텔수진,1
엘라누리,1
엘라다온,1
엘라레이첼,1
엘라루이제서연,1
엘라린,1
엘라림,1
엘라마리,1
엘라맥켄지,1
엘라서하,1
엘라시아,1
엘라주아,1
엘라지우,1
엘라진,1
엘라프랜,1
엘라프레야리스최,1
엘라하윤,1
엘레나다윤,1
엘레나리즈,1
엘라노아,1
엘라김,1
엘나연,1
에스텔신,1
에이다,1
에이다클라라,1
에이드리엘하은,1
에이디아가브리엘,1
에이린루이,1
에이미보라,1
에이버리케린,1
에이브리언최,1
에이브리엘담윤,1
에이빈,1
에이빈은수,1
에이프릴봄,1
에프럴현옥,1
엔젤,1
엔젤라은주,1
엔젤라주나,1
엔젤리나,1
숲,1
순희,1
록경,1
록담,1
록현,1
론,1
론이,1
롯지,1
뢰리향,1
루경,1
루기,1
규향,1
루나김,1
루나나예,1
루나마틴득희,1
루나벨,1
루나빛나,1
루나서연,1
루나솔,1
루나스탈라,1
루나엘리슨,1
로희지율무나,1
로현,1
로언,1
로영,1
로우,1
그래,1
로움,1
그랑,1
로을,1
그나라,1
로이스예은,1
로이스푸름,1
로이스해주,1
로인,1
로임,1
로잘리,1
로잘린하퍼,1
로재,1
로지소담,1
로진,1
균나,1
루나은옹,1
루나히마야최,1
루제,1
루주,1
루즈,1
루진,1
루현,1
룩,1
룬츠,1
류가,1
류리,1
류민,1
류빈,1
류양,1
류영,1
류진,1
류현,1
륜,1
륜희,1
률,1
률희,1
루이스,1
루이사헤이칭,1
루네,1
루니,1
루니해원,1
루리아이비,1
루미에,1
루반,1
루비나,1
루솔,1
루시아지오,1
루신,1
루실그레이스,1
규일,1
루아림,1
루아수,1
루에니,1
루엘라,1
루연,1
루영,1
루오,1
로앤,1
그레,1
레이엘,1
레이첼경아,1
레이첼다현,1
레이첼봄,1
레이첼세이,1
레이첼세인,1
레이첼승아,1
레이첼에이미,1
레이첼예원,1
레이첼윤아,1
레이첼은서,1
레이첼은우,1
레이카,1
레인,1
레일라나윤,1
레임,1
레지나사랑,1
레지나예희,1
레하,1
레이시연아,1
레이니,1
레나루시아,1
레나마리,1
레나바투라,1
레나엘리,1
레나은우,1
레마,1
레베카바다,1
레베카보아,1
레아수피아,1
레아스토빅,1
레아엘리즈,1
레오나,1
레오니새아,1
레위,1
레은,1
레이?x앤,1
레이나라온,1
레이나아리,1
레이나엘리아나김,1
렉시나연,1
렉시예나,1
로뎀,1
로드리게스,1
로든,1
로디,1
로라채린,1
로렌다은,1
로렌루미,1
로렌애,1
로렌예인,1
로렌지수,1
로를린세리,1
로리,1
로마,1
로망,1
로미나,1
로민,1
로서,1
로시,1
로시오벨렌,1
로니,1
로기,1
려경,1
려기,1
려림,1
려민,1
려선,1
려운,1
려울,1
그레스예은,1
려율,1
려희,1
령나,1
령미,1
령아,1
령원,1
령현,1
령환,1
례아,1
례화,1
로건앨런,1
르네,1
르다,1
마농선이제닌,1
마들렌,1
마디하,1
마라이,1
마루,1
마르티나,1
마리나,1
마리레베카,1
마리사,1
마리아호세,1
마리안,1
마리안네은유,1
마리암,1
마리암선,1
마리얌,1
마리예타수진,1
마리옹,1
마리이안,1
마리카,1
마기,1
마?c,1
린애,1
린유,1
린이,1
린지보미,1
린하연,1
린혜,1
린후,1
릴리수,1
릴리아나,1
릴리아나조,1
릴리아나코코,1
릴리아리아,1
릴리안연수,1
릴리앤아윤,1
릴온세,1
림가,1
림나,1
릿빛,1
릿카,1
마사카,1
마심,1
만세,1
만송이,1
만희,1
말나,1
말리,1
말우,1
말의,1
말자,1
매그놀리아,1
매들린,1
매디슨리나신,1
매리,1
맥켄지헤이즐,1
맨디백,1
맬린,1
맹례,1
맹향,1
메간민지,1
메건김,1
막시마,1
마히로,1
마아나,1
마야로즈,1
마야메들린,1
마야민서,1
마야박,1
마야하윤,1
마에바,1
마음사랑고,1
마이떼사랑,1
마이베,1
마이샤,1
마이아,1
마일라유진,1
마일리아새라,1
마키,1
마키코,1
마틸다수아,1
마틸다엘리자베스,1
마하,1
린아티나,1
린아나폴라,1
리랑,1
리률,1
리몬,1
리바다,1
리버,1
리베,1
리별하,1
리보,1
리본,1
리사송,1
리사송이,1
리사수란,1
리사훼이스,1
리샤,1
리설,1
리소,1
리스,1
리슬,1
리신,1
리란,1
리뜨카우르,1
르아,1
른하,1
름아,1
릉,1
리가,1
리교,1
규윤,1
리나미쉘,1
리나박,1
리나수잔,1
리나이,1
리나이파,1
리노,1
리다,1
리듬,1
리디아레이,1
리디아린나쉐루벨,1
리디아유나,1
리디아한나,1
리아규리,1
리아나,1
리오나,1
리오라박,1
리완,1
리요,1
규안,1
리유진,1
리음,1
리재,1
리진아시아,1
리카,1
리카다한나,1
규솔,1
리한나,1
리행,1
리환,1
리히나,1
린경,1
린네아,1
린슬,1
리예나팀마,1
리엘애블린,1
리아나소미,1
리아나예선,1
리아루,1
리아루한,1
리아미래,1
리아브리,1
리아서울,1
리아서희,1
리아승아,1
리아신영,1
리아윤,1
리아주,1
리아킴,1
리아하늘,1
리아현지,1
리아희수,1
리앤캐롤,1
리에나,1
리에마샬린,1
럭희,1
량향,1
노노카,1
노바,1
노엘라,1
노엘주하,1
노원,1
노윤,1
노율,1
노흘,1
녹명,1
금아,1
누리봄,1
누리소피,1
누리아,1
누릴,1
누림,1
누이,1
누카,1
눈솔,1
뉴리,1
녕기,1
녕,1
나후,1
금애,1
낙원,1
낙인,1
난윤,1
난주,1
난희,1
남솔,1
남순,1
남우,1
내내향,1
내동화,1
내리,1
내오미,1
내창,1
낸시와이,1
너밍에르덴,1
네네,1
넬리,1
뉴빈,1
뉴아,1
다니카한별,1
다라,1
다라윤,1
다랑,1
다련,1
다령,1
다론,1
다롬레이철,1
다루,1
다리나,1
다림,1
금솔,1
다본,1
다설,1
다성,1
다소,1
금빛,1
다실,1
다애일리스,1
다니엘르,1
다니엘라,1
늘푸름,1
능내,1
능서,1
능채,1
니나지혜,1
니사,1
니엘,1
니카소울,1
니콜라굴,1
니콜씨제이,1
니콜예희,1
니콜채린,1
니키,1
다건,1
금실,1
금순,1
다근,1
금숙,1
다니야,1
나호,1
금영,1
까따리내,1
까롤리나,1
깜두,1
껑루이,1
꽃가연,1
꽃님,1
꽃비,1
꽃잎,1
꽃채연,1
꽃피네,1
꽃향기,1
끌로에,1
끌림,1
나검,1
기기,1
나금,1
나나모,1
나누리,1
나다,1
김주희,1
김예온,1
기량,1
기론,1
기림,1
기백,1
기쁨셀린,1
기세,1
기애,1
기윤,1
기정,1
기주,1
기향,1
기화,1
길빛,1
김노엘,1
김도아,1
김래아,1
김리나,1
김민주,1
김승아,1
나들,1
금희,1
나울,1
금이,1
금음,1
금윤,1
금우,1
나은스텔라,1
나은엠마,1
나을,1
나일,1
나주,1
나준,1
나타니아자니스,1
나타샤영,1
나탈리성진,1
나탈리아,1
나탈리아리나,1
나탈리효인,1
나해,1
나헌,1
나우시카애진,1
금이서,1
나라나,1
나란,1
나래강레아,1
나르샤,1
나름,1
나리빅투아,1
나리아,1
금하,1
나본,1
나브소쯔,1
나비문,1
나비아,1
나성,1
나아,1
나알렉산드리아,1
금조,1
금재,1
나오미수아,1
나오미아비가일,1
다엔,1
금보미,1
두영,1
두온,1
두이,1
뒤나,1
드구즈만마가렛피,1
든해,1
들레,1
들이,1
디골이,1
디나,1
디아,1
디아나솔,1
디안크리스티나마리,1
딘세희,1
라결,1
라나희연,1
라노,1
라라보미,1
라리사포이,1
두연,1
두빈,1
도임,1
근숙,1
도호,1
도휘,1
근경,1
동건,1
동미,1
동실,1
동애,1
동예,1
동유,1
동윤,1
동음,1
동이,1
동인,1
동해,1
동현,1
동휘,1
두루,1
라린,1
라베니아아이라,1
라일리리나,1
그레이스지원,1
라진,1
그레이스보경,1
라효,1
라휼,1
라흐,1
그레이스고은,1
락이,1
락희,1
란우,1
란화,1
랑아,1
래경,1
래나플로라,1
래단,1
래빈,1
래앵,1
래윤,1
라일리로즈,1
라일리,1
라비,1
라솜,1
라안,1
라언,1
라엘리아,1
라엘사랑,1
라엘주원,1
라엘지안,1
라엘하연,1
라옐,1
그린나래,1
라온제나,1
라온제인,1
라우라소피,1
라울,1
그레타혜라,1
그레이스회진,1
라일라,1
라일라린,1
도위,1
도울,1
글로리아은영,1
다화,1
다효,1
다훈,1
다흘,1
다흠,1
글로리아박,1
단나,1
단령,1
단별,1
글로,1
단아설린,1
단예,1
단오,1
단유,1
단혜,1
단홍,1
단휴,1
달,1
다현엘리자베스,1
다헌,1
다예나,1
금미,1
다옹,1
다요,1
금례,1
금련,1
금란,1
금단,1
다이아나,1
다이애나,1
다이애나스카이,1
다이앤서연,1
다이엔소영,1
금나,1
금경,1
다주,1
다채롬,1
다캉,1
다한,1
달님,1
달래,1
덕,1
덕미,1
덕혜,1
덕화,1
덕희,1
데빈,1
데스티니,1
데이나,1
데이나다현,1
데이지,1
델리아제이,1
근희,1
도규,1
근효,1
도림,1
도솔,1
도안,1
근정,1
도우,1
대희,1
대인,1
달마,1
달빛,1
달콤,1
달희,1
담결,1
담빈,1
담서,1
담솔,1
담아,1
담연,1
담영,1
담원,1
담채,1
글,1
대니,1
대령,1
대비,1
대아,1
대연,1
메들린,1
메들린별하크리스틴,1
메들린서은,1
선인,1
선해,1
선향,1
고호,1
설경,1
설기,1
설란,1
설림,1
설매,1
설아카일리,1
설야,1
설언,1
설예,1
설원,1
설은,1
설의,1
설주,1
설지,1
설진,1
선익,1
선의,1
서히,1
석류,1
석영,1
석이,1
석하,1
관자,1
선규,1
선녀,1
선련,1
선린,1
선문,1
선물,1
과혜,1
기담,1
선연,1
과수,1
공미,1
선윤,1
선음,1
설헌,1
설후,1
성정,1
성진,1
성향,1
세결,1
고운이,1
세디조세핀,1
고운비,1
세라단비,1
세라백,1
세라앤박,1
세라은율,1
세라지유,1
세라카리사정,1
세라태영,1
세람,1
세레나다인,1
세레니티,1
세론현경,1
세롬,1
성임,1
성율,1
설휘,1
설흠,1
섬결,1
섬교,1
성,1
성결,1
성련,1
성리,1
성린,1
성민,1
성빈,1
성심,1
성안,1
성애,1
성영,1
성온,1
성우,1
성운,1
성원,1
광미,1
서휴,1
새일,1
새잎,1
새하얀,1
새한,1
새해,1
새흔,1
새희,1
샌디시아,1
샐리나슈,1
샘별,1
샘이,1
샤나,1
샤나야마리,1
샤닌수,1
샤로테하나,1
샤론혜인,1
샤인한빛,1
샤일로,1
샬럿지니이,1
새율,1
새움,1
새라라켈,1
새라올리비아,1
새라한,1
새라혜은,1
새람,1
새로아,1
새록,1
구회,1
새롬린지,1
새룬,1
새른,1
새리,1
구연,1
새미로,1
새벽별,1
교희,1
새빈,1
새샘,1
새영,1
샬로테소피,1
샬롯김,1
서우마리암,1
서운,1
교서,1
교림,1
서은클로이,1
서의,1
교리,1
서이그레스,1
교담,1
교나,1
서준,1
광자,1
서천,1
광옥,1
서한,1
서함,1
서향,1
서헌,1
광순,1
교아,1
서용,1
샬롯이선,1
샬롯채원,1
샬린,1
샬린은수,1
섀론,1
서결,1
서교,1
서녕,1
서니,1
서란,1
서람,1
서래,1
서련,1
서머강,1
서본,1
서애,1
서어,1
교영,1
교언,1
세리나,1
고우리,1
솔휘,1
경숙,1
솜귤,1
솜토추쿠,1
송담,1
송레아,1
송록,1
송린,1
송미,1
송비,1
송언,1
송원,1
송유,1
송이애슐리,1
송지,1
송진,1
송취,1
숌결,1
수내화,1
솔함,1
솔채,1
소하에누르,1
소형,1
소화,1
소후,1
소휴,1
소휼,1
소흘,1
경실,1
손비,1
손아,1
솔래,1
솔린,1
솔샘,1
솔유,1
솔윤,1
솔은,1
솔인,1
솔주,1
솔진,1
수령,1
수리자,1
수키그레이스,1
수피차,1
경남,1
수하예슬,1
수현캔디스,1
숙미,1
숙연,1
숙희,1
순,1
순금,1
순덕,1
순미,1
순복,1
순신,1
순애,1
순영,1
순이,1
순하,1
순혜,1
수진레이첼,1
경담,1
수린일레인,1
경사,1
수보,1
수선,1
수수,1
수아리,1
수아마리,1
수안알레이나,1
수야,1
수여,1
수왑,1
수월,1
수임,1
수잔,1
수잔나민아,1
수잔수영,1
수정이자벨,1
경란,1
수지영아,1
소피하선,1
소피초하,1
세형,1
세홍,1
세흔,1
경한,1
셀,1
셀리나,1
셀리나시온,1
셀리나에밀리,1
셀리수진,1
셜린현선,1
셰인,1
소,1
소결,1
소계,1
소교,1
소규,1
소근,1
소나모,1
경채,1
경향,1
세헌,1
세린마리아,1
세목,1
세문,1
세봉,1
세빛,1
세섬,1
세실리아데이나,1
고샛별,1
세언,1
고든,1
고나,1
세예,1
계선,1
세완,1
세음,1
세이지미선,1
경혜,1
세일,1
세지,1
소라마리,1
소란,1
소피아리스,1
소피아마리아,1
소피아성,1
소피아세연,1
소피아소민,1
소피아소희,1
소피아신우,1
소피아아라,1
소피아아인,1
소피아예진,1
소피아율아,1
소피아임페리얼,1
소피아지선,1
소피아지유,1
소피아클레어,1
소피아테레사,1
소피엘라,1
소피졔잉,1
소피지호,1
소피아라희,1
소피아고은,1
소량,1
소령,1
소림,1
경지,1
소백합,1
소별,1
소솜,1
소양,1
소여,1
경죽,1
소옥,1
소우,1
경인,1
경이,1
경언,1
경애,1
소피나은,1
소피로즈,1
소피사랑,1
상화,1
상하,1
미파자,1
미혜자,1
미호,1
미화자,1
규문,1
민기,1
민나,1
민녹,1
민비,1
민세,1
민순이,1
민아리,1
민아샤넬,1
규람,1
민율,1
민은,1
민제,1
민조,1
민찬,1
미쿠,1
미케일라루스,1
미아다온,1
미아민,1
미아사랑,1
미아사랑카밀,1
미아지수,1
미야사랑,1
미에코,1
미와,1
미왕,1
미윤,1
미은,1
미이,1
미인,1
미조,1
미준,1
미즈하,1
미지자,1
미찬,1
미케일라,1
귀자,1
귀옥,1
박서윤,1
박영,1
박하온,1
반,1
반서,1
반아,1
반짝,1
발레리미나,1
발렌티나,1
발렌티나로즈메리,1
발렌티나명희,1
방리,1
방미,1
배리,1
배선,1
백경,1
백령,1
백록담,1
백안나,1
박사랑,1
박별,1
민하소피아,1
민하친예렘,1
민해,1
밀라그로스,1
밀라나,1
밀라아린,1
밀리,1
바나,1
바니,1
바니아엠벌,1
바라,1
바로,1
바오이엔,1
바이올렛수아,1
바이올렛제이드루이즈,1
바인,1
바하,1
박라움,1
박레인,1
미슬,1
미쉘지원,1
모린,1
모모카,1
모빈,1
모아나세아장,1
모안,1
모윤,1
목근,1
목희,1
몽로,1
묘,1
묘언,1
묘자,1
무빈,1
무설,1
무율,1
무초,1
무한,1
묵용,1
문내,1
명효,1
명화리,1
메디슨유나,1
메라,1
메루,1
메리언황,1
메리엘설,1
메리희애,1
메이사,1
메이시,1
멜로디아비게일,1
명길,1
명륜,1
명명,1
명미,1
명숙,1
명승,1
명신,1
명옥,1
명인,1
명진,1
문령,1
문별,1
미람,1
미래황,1
미례,1
미로,1
미률,1
미리별,1
미리암보미,1
미범,1
미빈,1
미사키,1
미샤,1
미셀,1
미셀효정,1
미셸앤파크,1
미소랑,1
미소윤미,1
미수,1
미순,1
미쉘유민,1
미란피에트로,1
미라벤아림,1
문영,1
문자,1
문정,1
문채,1
문하,1
문헤이,1
문현,1
문희손,1
뭉흐온드랗,1
미강,1
미굉,1
미교,1
미귀,1
미꼬,1
미나알레나,1
미나오필리어,1
미노리,1
미니,1
미담,1
백하,1
법경,1
빛누리,1
빛마리나,1
빛성,1
빛솔,1
빛하은,1
쁨,1
사가,1
사나래,1
사남,1
사동,1
사디아,1
국화,1
사라다영,1
사라사랑,1
사라상일,1
사라엠,1
사라지민,1
사락,1
국빈,1
빛나라,1
빛나달,1
비비안혜나,1
비비앤,1
비상,1
비아타기질라복님장,1
비야,1
비온,1
비올라,1
비월,1
비파,1
빅또리아,1
빅토리아나,1
빅토리아유나,1
빅토리아채아,1
빅투아르승아마리,1
빈안,1
빙빙,1
빛고은,1
빛그린,1
권비,1
사랑레베카,1
사랑샘,1
사제,1
사채,1
사카,1
사키,1
사토미,1
사파,1
사희,1
산민들레,1
산아,1
산옥,1
산이,1
삼마영,1
상가,1
상나,1
상린,1
상사,1
상숙,1
상윤,1
상자,1
사인,1
사이리,1
사랑제니,1
사랑쯔이,1
사림,1
사만다아마리스니콜,1
사메라알리아,1
사미,1
사미라,1
사벨,1
사브리나모모코,1
사샤,1
사야향,1
사엘,1
사영,1
사오리,1
사월,1
사유나,1
사유미,1
사율,1
사은클로이,1
비비안아이린,1
비비안리,1
귀숙,1
별해,1
보검,1
보견,1
귀비,1
보금,1
보늬,1
보다나,1
보듬,1
보라나,1
보라미,1
보명,1
귀도화,1
권희,1
보서,1
보선,1
보성,1
보솔,1
보송,1
별은,1
별솔,1
베네사메이,1
베니,1
베리,1
베블리다바,1
베아뜨리즈,1
베아트리체,1
베카수민,1
베키수지,1
벨라소원,1
벨라예온,1
벨라올리비아,1
벨라정,1
벽내,1
벽생,1
귀연,1
별리,1
별림,1
별봄,1
별빛,1
권영,1
권아,1
브니엘,1
브랜든석용,1
브렌다주리,1
브룩엘레너,1
브리스길라,1
브리아나,1
브리아나빈,1
브리아나앤,1
브리아나진,1
브리짓유민,1
블레시나혜,1
블레어새봄,1
비가,1
비경릴리,1
비금,1
비나,1
비단,1
비바체아름,1
비비,1
붉은노을,1
부윤,1
보운,1
보위,1
복미,1
복선,1
복자,1
본우,1
본이,1
본홍,1
권설,1
봄별,1
봄비,1
봄빛,1
봄사랑,1
봄소리,1
봄울,1
뵈뵈,1
부민,1
부선,1
부용,1
새명,1
훈지,1
하나복희,1
희호,1
하가,1
효운,1
혜론,1
혜련,1
하나나영,1
하디아,1
하나미카엘라,1
호령,1
효련,1
혜려,1
혜설,1
하나자닌,1
하나이사벨,1
하나이,1
하나엘리자베스,1
하나엘,1
하나조,1
후인프엉우엔,1
하나킴,1
하난,1
하나데보라,1
효승,1
하나멜,1
혜미자,1
하눈,1
훈,1
휘경,1
효람,1
혜니,1
하사나,1
효걸,1
효,1
하소망,1
휘라,1
회진,1
회연,1
하신,1
현재,1
휘론,1
회봄,1
하양,1
호림,1
호빈,1
하연아리아,1
현양,1
현애,1
하예랑,1
하예슬,1
회린,1
하올,1
하빛,1
현혜,1
하보아,1
희조,1
하로,1
혜나이,1
하롬,1
휘닝캔디스,1
하루나,1
하루아,1
하루카,1
하룬,1
혜규,1
하륜,1
형은,1
하릉,1
효근,1
하리나,1
해야,1
형연,1
형경,1
희의,1
하밀,1
협몽,1
하린하자라,1
필선,1
효현,1
테레사,1
혜영미아,1
후미,1
테레사수아,1
테리,1
테사지유,1
테아이,1
테이,1
테일러선아,1
테일러페이지,1
테일리지유,1
토니윤,1
토라,1
토리미나,1
토키,1
튤립,1
트루스,1
트루아이린머리,1
트리아나진,1
호기,1
튼튼,1
티나,1
티나정,1
티데우휀,1
테라현,1
택은,1
택연,1
힌두사비라,1
태의,1
혜화,1
효준,1
혜희,1
혜자,1
히스텐드새라,1
혜일,1
혜인조앤,1
호,1
효비,1
히메나,1
태진,1
히라,1
효진스카이,1
호결,1
혜유,1
효미,1
혜원헬렌,1
효청,1
효설,1
혜움,1
혜우림,1
혜용,1
히데미,1
혜실,1
티아나,1
티아나푸른,1
폴린한별,1
푸르나,1
효송,1
푸른별,1
푸른산,1
푸른윤슬,1
히나노,1
푸름아,1
풍애,1
풍화,1
프랜시스예진,1
프랜시스혜민,1
효의,1
프레리바다,1
프레야,1
프레야수지,1
프리실라하림,1
플로라,1
후유카,1
플로렌시아,1
피아로살리,1
피아아멜리지아,1
핀율,1
호련,1
필령,1
폴린,1
포근,1
평온,1
티아모하,1
티알라,1
티치,1
티파니,1
티파니리,1
티파니새라,1
티파니세빈,1
티파니지예,1
파란,1
호노카,1
후아,1
파랑별,1
파비올라히메나가온이,1
파울라,1
파투마타,1
파트라,1
파트리샤,1
파트리지아,1
패트리샤,1
패트리샤태희,1
펄진주,1
페이스혜지,1
페이지,1
평강아이린,1
혜순,1
하욤,1
하우,1
향미,1
함운,1
효옥,1
함이,1
행징,1
함인,1
행주,1
행월,1
행운,1
행리,1
행나,1
행,1
해가빛,1
해경,1
휘주,1
햇빛,1
해환,1
해나나현,1
해현,1
해나니콜,1
해나리,1
해나서,1
해찬빛,1
해지,1
홀리,1
한파티마,1
한채,1
한알리나,1
허니앤,1
화안,1
휘재,1
한온,1
향채,1
화서,1
한올,1
향직,1
한우,1
향지,1
향주,1
향옥,1
화빈,1
향언,1
화보,1
향애,1
화민,1
한정,1
향아,1
향심,1
화미,1
향실,1
향순,1
향선,1
해나수진,1
해나은,1
해윰,1
홍희,1
흔예,1
해월,1
흠,1
희봄,1
희강,1
홍상,1
희겸,1
홍자,1
해사,1
해용,1
해선,1
희람,1
해섬,1
홍옥,1
해오름,1
희로,1
희리,1
희린,1
효엘,1
홍선,1
홍숙,1
홍심,1
홍예,1
홍빈,1
해루,1
홉리,1
해나이브,1
해나정서,1
홉릴리,1
해나클레어리사,1
해나하연,1
해나한,1
해늘,1
홍경,1
해단,1
휴리,1
휴이,1
화늬,1
해들,1
홍매,1
해라,1
해란,1
해람,1
해일리,1
화난,1
해량,1
해일,1
홍비,1
해이슬,1
흔수,1
헤나에이제이,1
화애,1
희열,1
현단,1
현나무,1
하헌,1
현나루,1
현금,1
하후,1
환유,1
하휘,1
현겸,1
휘민,1
헬렌성미,1
학수,1
한가람솔,1
헨리에태,1
한겸,1
헤일리하은,1
한구,1
한그루,1
헤일리티아,1
한글,1
화채,1
호신,1
휘빈,1
헤일리진서,1
환이,1
현령,1
현아엘린,1
하월,1
회리나,1
호산,1
희운,1
하율해일리,1
현성,1
하은애니,1
하은키이라,1
효신,1
황미,1
하이디소미,1
하일,1
희용,1
황들,1
하제르누르,1
하젤,1
황금,1
하준,1
희옥,1
하퍼,1
하퍼연아,1
하퍼준,1
현명,1
하해,1
헤일리지나,1
한나마리아,1
휘우,1
한선,1
헤일리김,1
한성,1
헤이즐한라,1
희승,1
헤이즐주아,1
희슬,1
헤이즐연아,1
헤이즐다빈,1
호유,1
헤이즐,1
헤이미,1
희순,1
호제,1
화유,1
헤이든,1
헤슬,1
희송,1
헤린,1
헤리,1
호진,1
헤라서우,1
화야,1
한아루즈,1
헤일리문,1
휘오,1
한나소피,1
화중,1
헤일리이나,1
한나송희,1
휘아,1
한나엘리자베스킴,1
한나이슬,1
한나킴,1
한나프레이즈,1
한나하은,1
한누리,1
헤일리유리,1
한리,1
한리하,1
화정,1
한림,1
한미,1
호앤,1
효온,1
휘엘,1
화자,1
헤일리앤,1
헤일리민지,1
호예,1
호원,1
혜향,1
태온,1
제님,1
제니현,1
제니퍼현지,1
제니퍼지은,1
제니퍼와이,1
제니진,1
제니준희,1
제니예은,1
제니스유하,1
제니스예림,1
제니스에이치,1
제니스시은,1
제니스민지,1
제니스민아,1
제니스,1
제니로즈,1
제나하선,1
제나전안,1
정흠,1
정흔,1
정후,1
제람,1
제령,1
제리,1
제이미별,1
제이미김,1
제이린죠이,1
제이디,1
제이드효주,1
제이드영,1
제이드수정,1
제이드,1
제이나수아,1
제원,1
제야,1
제시카지수,1
제시카제이드,1
제시카유,1
제시카미선,1
제시카미나,1
제시카다원,1
제시까다나,1
제성,1
제빈,1
제민,1
정혜,1
정향,1
재혁,1
재헌,1
재클린예지,1
재클린에바,1
재클린앤,1
재클린신혜,1
재클린대그니,1
재클린,1
재야,1
재시,1
재승,1
재스민한별,1
재별,1
재랑,1
재나클레어,1
재강,1
장하린,1
장루이즈,1
자현,1
자이니,1
자이,1
잰나,1
쟈스민수,1
쟈치,1
정함,1
정하율,1
정주,1
정자,1
정의,1
정요,1
정심,1
정순,1
정솔,1
정선,1
정목,1
정담,1
정금,1
정경,1
전해,1
전재인,1
전자,1
전율,1
전서,1
전미,1
전다은,1
제이미성희,1
제이미지민,1
제이미지혜,1
죠지나솔,1
죠이스승희,1
죠이스,1
죠세핀,1
좌비,1
종연,1
종애,1
종민,1
종린,1
조흔,1
조현,1
조해나아람,1
조하나인애,1
조이환희,1
조이하온,1
조이인아,1
조이은총,1
조이윤,1
조이엘리,1
조이야재희,1
조이스재인,1
주노,1
주니,1
주니김,1
준연,1
준나,1
준경,1
주휘,1
주효,1
주화,1
주호,1
주형,1
주임,1
주은비,1
주완,1
주옥,1
주야,1
주아레나,1
주솔,1
주성,1
주림,1
주랑,1
주란,1
주디스하엘,1
주니퍼앵,1
조이스메리,1
조이스,1
조세핀,1
조서빈,1
조미,1
조디,1
조던태일러,1
조던서희,1
조,1
젯세니아로즈,1
젬마희망,1
젬마,1
젤라,1
제화,1
제형,1
제해,1
제제,1
제인헬레나,1
제인우,1
제인영아,1
제인에이치,1
제인미애,1
제이미하슬,1
조세핀수,1
조세핀정우,1
조슬린주은,1
조이솔,1
조이세은,1
조이민서,1
조이김,1
조이고은,1
조음,1
조운,1
조연,1
조엘유진,1
조엘라,1
조엔혜빈,1
조양,1
조앤채린,1
조앤정연,1
조앤수빈,1
조앤선영,1
조앤선아,1
조앤나조이,1
조애,1
조안나명지,1
조슬린효나,1
자유,1
자여,1
자안,1
의인,1
의영,1
의수,1
의송,1
의솔,1
의선,1
의빈,1
의림,1
의린,1
의란,1
의교,1
의겸,1
응옥한,1
음표,1
을아,1
은휼,1
은학,1
은하루,1
은파,1
은택,1
은준,1
의지,1
의채,1
의현,1
이루시아수아,1
이루미,1
이롬,1
이로하,1
이로아,1
이레나,1
이량,1
이라얀,1
이디스이든,1
이디나,1
이듬,1
이든버렐,1
이도연,1
이단박,1
이다김,1
이다,1
이네스아라,1
이나재이,1
이구스티,1
이교,1
이결,1
은예,1
은여름,1
율은,1
율원,1
율온,1
율언,1
율안,1
율빛,1
율봄,1
율민,1
율립,1
율린,1
율리아유나,1
율담,1
윤휘,1
윤형,1
윤차,1
윤제,1
윤유,1
윤아티파니,1
윤아비,1
윤아마리,1
윤아르웬,1
율채,1
율현,1
율혜,1
은애,1
은실,1
은신,1
은시,1
은순,1
은송이,1
은솔캐서린,1
은소라,1
은셀,1
은석,1
은서비비엔,1
은산,1
은보,1
은명,1
은리,1
은률,1
은라엘,1
은동,1
은도,1
은닝,1
은규,1
이른,1
이리스하늘,1
이리안,1
일라리아수연,1
일규,1
인향,1
인채,1
인진,1
인자,1
인유,1
인온,1
인심,1
인숙,1
인솔,1
인별,1
인덕,1
인교,1
이휴,1
이후,1
이호,1
이헬레나,1
이헌,1
이향,1
이하연,1
일라이다,1
일레이나아이리앤,1
일레인진,1
자씬타,1
자스민한나,1
자스민아미나,1
자빈,1
자베리아레만,1
자미,1
자람,1
자란,1
자라문이샤,1
자두,1
임하임,1
임주,1
임율,1
임숙,1
임서,1
임나,1
일바지안,1
일린,1
일리스다현,1
일리스,1
일루미나홍,1
이티카,1
이치카,1
이사벨주미,1
이사벨자잉,1
이사벨윤재,1
이사벨윤,1
이사벨리,1
이사벨라하윤,1
이사벨라,1
이사벨그웬,1
이사벨규리,1
이사니,1
이사,1
이쁨,1
이브,1
이뷔,1
이벳,1
이베라,1
이바다솜,1
이바나고은,1
이바,1
이민,1
이머나,1
이사벨하나최,1
이샛별,1
이소라,1
이찬,1
이지안,1
이준,1
이자벨태연,1
이자벨은하,1
이자벨라,1
이이,1
이윤진,1
이윤슬,1
이웬,1
이우,1
이요,1
이와,1
이언,1
이얀,1
이야나,1
이심,1
이시은,1
이슬비,1
이손,1
이소원,1
준운,1
준유,1
케이트별희,1
케이트,1
케이시지아,1
케이리,1
케이,1
케서린로페즈,1
케롤라인하나,1
케더린미나,1
케네디채인,1
커신,1
커런,1
캠라,1
캔디하늘,1
캔더스은하,1
캐일리유정,1
캐일리김,1
캐일라해나,1
캐써린인선,1
캐시,1
캐슬린시실리아,1
캐서린제인정희,1
케이트엘렌,1
케이트진경,1
케이티리,1
크리샤,1
코하루,1
코토나,1
코코하,1
코코로,1
켄지수빈,1
켄지리,1
케일린쥬리엣,1
케일린종연,1
케일린소윤,1
케일리홍시,1
케일리유나,1
케일리가연제이,1
케일른혜림,1
케일라호이칭,1
케일라아영,1
케일라민아,1
케일라가영,1
케일,1
케이티예나,1
케이티송,1
캐서린윤아,1
캐서린유나,1
카밀수아,1
카밀라성미,1
카밀라다나,1
카밀라,1
카밀,1
카린,1
카리나욱,1
카리나나리,1
카렌,1
카랜,1
카라재인,1
카라루리이,1
카라고은,1
카라,1
칭칭,1
칠채,1
친선,1
치히로,1
치카코,1
치율,1
치윤,1
카야이사벨라수지,1
카이,1
카이아,1
캐서린예인,1
캐서린아영,1
캐서린수인,1
캐서린서현,1
캐롤라인은,1
캐롤라인영,1
캐롤라인가영,1
캐롤,1
캐런엠,1
칼린다윤,1
칼리스타에블린,1
칼리스타기효,1
칼라리엘아린,1
칸서,1
칸나,1
카하나,1
카트린향,1
카타리나예원,1
카일리수지,1
카일리수정,1
카일리민솔,1
크리스유빈,1
크리스타영주,1
크리스탈바다,1
키아라,1
키아,1
키란,1
클리오가윤,1
클로이현서,1
클로이해민,1
클로이하은,1
클로이하늬,1
클로이채원,1
클로이채빈,1
클로이주아,1
클로이이사벨,1
클로이은서,1
클로이유주,1
클로이유민,1
클로이예나,1
클로이여원,1
클로이아이네스,1
클로이아랑,1
클로이시우,1
클로이셜,1
키아라나리,1
키아라소민,1
키아라예나,1
태오,1
태솜,1
태선,1
태민,1
태리윤,1
태리유미,1
태란,1
탐이,1
탐,1
탄트,1
타이하,1
타에키,1
타미나노에미,1
타라예나,1
킹위,1
킴벌리진,1
킴벌리니콜,1
킴벌리,1
키코,1
키오라새미,1
키아라유나,1
클로이세미,1
클로이서윤,1
클레어솔,1
클레어세련,1
클레어서우,1
클레어서아,1
클레어미래,1
클레어린하,1
클레어라희,1
클러리스모린최,1
클라리사,1
클라라헬레네,1
클라라진,1
클라라유주이헨느,1
크리시,1
크리스틴현아,1
크리스틴제이,1
크리스틴유리,1
크리스틴수니,1
크리스티민,1
크리스티나케일리,1
크리스티나진아,1
크리스티나마리,1
클레어씨,1
클레어엘리자베스,1
클레어예나,1
클로이서아,1
클로이사라,1
클로이보미,1
클로이미나,1
클로이마음,1
클로이리아,1
클로이리,1
클로이다혜,1
클로이다현,1
클로에지아,1
클로에소은,1
클로에서아,1
클로에,1
클로버하엘,1
클레어효린,1
클레어태연,1
클레어지연,1
클레어은우,1
클레어은빈,1
클레어유나,1
클레어예은,1
치유,1
치원,1
치온,1
진빈,1
진별,1
진름,1
진나,1
진교,1
진겸,1
직실,1
직순,1
직미,1
지훤,1
지훈,1
지회,1
지홍,1
지주,1
지원헤더위,1
지울,1
지완,1
지에타,1
지안아,1
지아카시아,1
지아이사벨,1
진설,1
진소,1
진슬,1
징지,1
징나클로이,1
징강,1
진휘,1
진화,1
진혜,1
진향,1
진행,1
진해,1
진진,1
진주쌘드라,1
진인,1
진윤,1
진원,1
진예랑,1
진언,1
진양,1
진애,1
진앙,1
진아란,1
진실,1
지아올리비아,1
지아레베카,1
쥬빈,1
쥬리,1
쥬딧,1
쥬디,1
쥬드,1
중서,1
줄리하린,1
줄리엣미라벨,1
줄리엣라미,1
줄리엘렌,1
줄리앤,1
줄리안성,1
줄리아별,1
줄리아나정,1
줄리아나알리나본,1
준휘,1
준후,1
준효,1
준혜,1
준카,1
준의,1
쥬빌리,1
쥴리,1
쥴리아,1
지아나리,1
지심,1
지실,1
지신,1
지승,1
지수엘사,1
지송,1
지미,1
지령,1
지니영채,1
지니미나,1
지넬영의,1
지나제이,1
지나이링,1
지나미진,1
지가,1
즈티,1
즈치,1
즈이,1
즈안,1
쥴리아혜미,1
징혜,1
짜이,1
쯔위엔,1
체린,1
체라,1
체니,1
청이,1
청음,1
청윤,1
청림,1
천학,1
천하자,1
천추,1
천우,1
천시,1
천사등,1
천미,1
천락,1
천납진,1
채흔,1
채훤,1
채효,1
채환,1
채화,1
체아,1
체이,1
체현,1
치애,1
츠키노,1
츄쉬엔,1
춘희,1
춘화,1
춘실,1
춘미,1
춘금,1
최아인,1
최문별,1
최라헬,1
초혜,1
초향,1
초월,1
초운,1
초영,1
초선,1
첼시씨에라,1
첼시시아,1
첼시김,1
첼리나,1
채홍,1
채호애비게일,1
창리,1
참이,1
찰리김,1
찰리,1
찬휘,1
찬이,1
찬수,1
찬서,1
찬봄,1
찬별,1
찬리,1
찬란한봄,1
찬란,1
찬,1
차희,1
차제니,1
차온,1
차오름,1
차빈,1
차보라,1
차린,1
창현,1
채가,1
채도,1
채헌,1
채한,1
채주,1
채적,1
채임,1
채음,1
채실,1
채승,1
채슬,1
채솜,1
채세,1
채선,1
채봄,1
채백,1
채묘,1
채린게일,1
채리아,1
채륜,1
채록,1
채로,1
채라,1
힘다해,1
